{"cameraMode":{"drawMode":0,"name":"Shaded","section":"Shading Mode"},"sceneLighting":true,"audioPlay":false,"sceneViewState":{"m_AlwaysRefresh":false,"showFog":true,"showSkybox":true,"showFlares":true,"showImageEffects":true,"showParticleSystems":true,"showVisualEffectGraphs":true,"m_FxEnabled":true},"in2DMode":false,"pivot":{"x":352.9200134277344,"y":321.1300048828125,"z":169.42999267578126},"rotation":{"x":0.17111177742481233,"y":-0.021673640236258508,"z":0.0037650554440915586,"w":0.9850073456764221},"size":5.663075923919678,"orthographic":false}